Review Title,Review Text,Star Rating,Date,Author,Tokenised_Review
easy way to order cold food from KFC,Ordered a meal from KFC Haslingden rd Blackburn through Just eat the food was  cold when arrived which was acceptable according to just eats based on the information they had just a waste of over 30 pounds I would avoid this combination so nit to be disappointed ,1,2026-03-27,Paul Buckland,meal haslingden rd blackburn eat food cold arrived acceptable according eats based information waste pound avoid combination nit disappointed
Rip off for delivery ,"For a place that has quite high prices, it's disgusting that they add an extra few quid if you order a delivery. You pay the delivery fee but all menu items are increased by around £3 to £5 as well. Disgusting money grabbing. Party bucket for collection £35.99, if you select delivery it's £40.99 and THEN, they charge a delivery free, absolute rip off",1,2025-12-03,Jason Lewis,quite high price disgusting add extra quid delivery pay delivery fee menu item increased around disgusting money grabbing party bucket collection select delivery charge delivery free absolute rip
Great customer service from Emmanuel in…,Great customer service from Emmanuel in the argyle street store,5,2026-03-27,Ceri Smith,great customer service emmanuel argyle street
Why eat chicken there when I found out not natural chickens running free ,Why eat chicken there when I found out it’s lab grown from cells  there was people handing out leaflets outside read it . Went on line its true my meal went straight into bin,1,2026-03-26,Jane .,eat found lab grown cell handing leaflet outside read line true meal straight bin
KFC Macclesfield,"Items missing from order, no chance of getting them replaced as no one answers 'phone number' thats listed. no chance of a refund for the same reason.
I cant leave the house I'm looking after the kids, I'm getting sick and tired of these companies getting away with this lack of service. wont order again cant even get simple orders fulfilled",1,2026-03-26,Simon Baker,item missing chance getting replaced answer phone number listed chance refund reason leave house looking kid getting sick tired company getting away lack service wont simple order fulfilled
"Where not to get a takeaway,KFC Lottebridge Drove","The food was almost cold,chips had been re-heated from lunchtime,not the colour of freshly fried fries.they were very dark brown,and barely warm.
The whole experience of todays KFC was disgusting,not worth reccomending.",1,2026-02-26,Bob Pritchard,food almost coldchips reheated lunchtimenot colour freshly friesthey dark brownand barely warm whole today disgustingnot worth reccomending
Red Chicken lots of it in our Bargain…,"Red Chicken lots of it in our Bargain Buckets
Got home to feed the family and bit into the chicken 50 per-cent of it was't cooked and was red absolute jokers in longwater,Costessey, Norwich",1,2026-03-25,Glen Millar,red lot bargain bucket home feed family bit percent wast cooked red absolute joker longwatercostessey norwich
I love the food is tender and beautiful…,I love the food is tender and beautiful food I recommend this place ,5,2026-03-26,Kenzie Swindon,love food tender beautiful food recommend
Disappointing ,It’s a shame that the coating on your chicken tasted like just bread crum not what I’m used to . I used to love your Kentucky flavers but it seems that you have cut corners . Not the same anymore. And your chips are not good also what happened to the lovely fries . I was very disappointed to get skin on chips and they were cold. Also you need to give the public a choice of non diet drinks. All your drinks were diet free . NOT GOOD . ,1,2026-03-23,Mr. Andrew Thomas Hook,shame coating tasted bread crum love flavers seems cut corner anymore chip happened lovely fry disappointed skin chip cold give public choice non diet drink drink diet free
I have an offer for free two hot wings,"I have an offer for free two hot wings, expire date is 11-11-2025, but now is 11-11-2025, time is 20:25, but the offer is disappear and they indicate the offer is expired....
That day is the last offer day, I cannot use the free two hot wings offer.
Then KFC reply to me, the expire date and time is 11-11-2025 at0:00, so I cannot to use this coupon in apps",1,2025-11-11,Ricky,offer free two hot wing expire date offer disappear indicate offer expired offer cannot free two hot wing offer reply expire date cannot coupon apps
Gross,"Disgusting. Waited 20 minutes to be told the vegan burger wasn’t in stock, fine. I had no problem with this but the frickles I ordered were horrible, cold and wet. The coating slid off them and it all went in the bin. I complained and was offered a £5 voucher even tho I told them I had no intention of returning ",1,2026-03-23,Charlotte Wayland,disgusting waited minute told vegan burger wasnt stock fine problem frickles horrible cold wet coating slid bin complained offered voucher tho told intention returning
We are again 3 years later after…,"Here we are again 3 years later after another horrible meal, I ordered the pickle burger, the loaded pickle fries, the presentation was awful, didnt look edible at at all, its not even gherkins its courgette crispy. Very disappointing for a meal for the price of it, iced latte tho is nice, abit small could be bigger and less ice. ",1,2026-03-23,Customer,year later another horrible meal pickle burger loaded pickle fry presentation awful look edible gherkin courgette crispy disappointing meal price iced latte tho abit small could bigger less ice
Corley services South,"Corley services South. 6 piece bucket. 3 tiny pieces. They refused to replace them because I had taken them to the table then the manager said it was because it is 2 legs , 2 wings, 2 breasts. Awful service and poor attitude ",1,2026-03-23,Keith Bosworth,corley service south piece bucket tiny piece refused replace taken table manager leg wing breast awful service poor attitude
KFC and Uber make it impossible to complain,"I ordered a mighty bucket meal for one to be delivered.
I currently have vertigo so am unable to drive.
My first attempt to pay by card did not allow me to return to the KFC form to confirm so I tried again.
When the delivery came there were 2 bucket meals .
Total cost of £19.96 x2. That includes 2 delivery charges to the same address at the same time. I told the Uber delivery agent I had ordered only one. I didnt want 2. He helped me download app to check order. He said he couldnt take it away because i had 2 PINs . He left.
I ate one meal.
There was no way to find a number to ring the East Prescot Road branch in Liverpool to resolve the matter. The app advised contacting an  Uber number on the order.
I rang this. I spoke to somebody in a far eastern country. They said they could not provide a refund and advised I contact KFC.
The only way left was by a chat app.
I have left my complaint but will anybody get back to me?
Ill have to throw this food away now which is a terrible shame.
I cannot afford to but 2 meals like this.
The mistake was not mine. I followed instructions but the system duplicated my order.
Nobody was available to resolve my issue.
That is the very last time I use KFC.


",1,2026-03-22,Gary Gornell,mighty bucket meal delivered currently vertigo unable drive first attempt pay card allow return form confirm tried delivery came bucket meal total cost includes delivery charge address told uber delivery agent helped download app check couldnt take away pin left ate meal find number ring east prescot road liverpool resolve matter app advised contacting uber number rang spoke somebody far eastern country could provide refund advised contact left chat app left complaint anybody ill throw food away terrible shame cannot afford meal mistake mine followed instruction system duplicated nobody available resolve issue
Decent ,Nice but too pricey ,4,2026-03-12,Adam,pricey
Very good fast service,Very good fast service ,5,2026-03-22,Theo Patterson,fast service
Really good food would recommend!!!Kind…,Really good food would recommend!!!Kind servers ,5,2026-03-22,Archie Hughes,food recommendkind server
Wouldn't even give it to the rats,Wouldn't even give it to the rats ,1,2026-03-20,kevin peachey,wouldnt give rat
It was ok until my friend got executed for sucking me off,I worked as a cleaner at this nit so fine establushemente and my penar got sstuck in the garbage disposal and all they gav mi whas a shickin strip. Yep. Only one ,3,2026-03-21,Ben,worked cleaner nit fine establushemente penar sstuck garbage disposal gav mi whas shickin strip yep
Not coming again grrrrr,"Sadly, I didn't enjoy your food today. I ordered your chicken strips but ,when I got the food, the chicken started to dance in the box with my zinger burger. It bit my penis and I screamed. I descended to the heavens while peeing on my fries. 5 STARS WOULD COME AGAIN!!!",5,2026-01-02,Toby Wood,sadly enjoy food strip food started dance box zinger burger bit penis screamed descended heaven peeing fry star come
Just been to KFC louth asked for a…,Just been to KFC louth asked for a black tea with my meal I was told we are not doing tea any more so I drove through and went next door to mc Donald's got my meal and a tea so I will not be using KFC any more we go 15 miles each Sunday to this place so its mc Donald's now for us old pensioners I am eleargic to coffee I yold him ,1,2026-03-21,MR TERRY DIXON,louth asked black tea meal told tea drove next door mc donalds meal tea using mile sunday mc donalds u old pensioner eleargic coffee yold
Fake offer tactic,"Was craving some kfc, I downloaded the app to browse offers, so the 2 smaller collection ones are cheaper than actual menu, but the big bucket isnt??? Ridiculous!! If there was a way to add screenshots to experience I would!!",1,2026-03-21,WildWolfFury BoltArtXD,craving downloaded app browse offer smaller collection one cheaper actual menu big bucket isnt ridiculous add screenshots
Very good service and very helpful…,Very good service and very helpful excellent by wajed,5,2026-03-20,Summia Ather,service helpful excellent wajed
Andre at the KFC Kingsheath branch was…,Andre at the KFC Kingsheath branch was polite and delivered an amazing service and was efficent.,5,2026-03-20,Nikki,andre kingsheath polite delivered amazing service efficent
Gooned in the bathroom.,"Was at kfc at caernarfon road, bangor. 5 star staff, super nice. 5 star quality, nice and tender chiken, lovely seasond chips. Would give it 6.7 stars if I could. I gooned in the bathrooms.",5,2026-03-19,Thomas Pritchard,caernarfon road bangor star staff super star quality tender chiken lovely seasond chip give star could gooned bathroom
KFC Highbury is not a nice restaurant…,"KFC Highbury is not a nice restaurant so unhygienic and dirty Iended up throwing my food away also my food is cold, looks disgusting, lettuce on the burger looks like the never refresh it, I asked for a zinger meal ended up giving me a regular chicken burger. KFC Highbury stay away from it, the restaurant is also so dirty, these people who work here take some pride in what you do, disgusting. ",1,2026-03-20,Rosalind,highbury restaurant unhygienic dirty iended throwing food away food cold look disgusting lettuce burger look never refresh asked zinger meal ended giving regular burger highbury stay away restaurant dirty take pride disgusting
my chicken was very raw,"my chicken was very raw, bloody nuggets were just chicks and my chips were raw as.",1,2026-03-20,Jimmy nurtron,raw bloody nugget chick chip raw
Fast food service from katilin and very…,Fast food service from katilin and very polite 👌 ,5,2026-03-20,Stephanie Dale,fast food service katilin polite
Served pink chicken in the drive thru,"Served pink chicken in the drive thru. Messaged customer service online as I wanted a refund for just my part of the meal, not even the full meal (I didn't think that was too much to ask!) that was affected and I've been given some spiel about how they ensure chicken is cooked. But I have proof of pink chicken? 3 pieces no less, all pink inside. 
Absolute rubbish and dangerous, will never return.",1,2026-03-18,Hannah,served pink drive thru messaged customer service online wanted refund part meal full meal ask affected given spiel ensure cooked proof pink piece less pink inside absolute rubbish dangerous never return
I had a chicken wrap meal,"I had a chicken wrap meal. Not only did the wrap have very little filling, it was also burnt. The chips were disgusting. The only reason I gave one star is because I could not award zero. It will be a long time before I have another KFC.",1,2026-03-18,customer,wrap meal wrap little filling burnt chip disgusting reason gave star could award zero long another
KFC in Hastings East Sussex,"I went to KFC in Hastings East Sussex town centre branch on Saturday 14th March to meet some friends and have a bite to eat. My legs don't really work now, disabled, so I checked the website which it said was disabled wheelchair friendly and could be accessible for me. Yeah right! I got there and there were 2 large open out wooden doors with pull written on them. Mmm! Someone very kindly let me in and somehow I wedged myself in. Disabled access/friendly? I wasn't the only person in there with concerns,it was chaos. Ok it was a Saturday and busy, but it wasn't a pleasant experience, the food was ok but the premises wasn't particularly the cleanest, and to add insult to injury if you will someone right by the now open doors was smoking a joint which filled the restaurant with its awful smell. I have put a complaint into the KFC website and am awaiting a phonecall, but we shall see. I don't play the disabled card, but think something needs to change here.",2,2026-03-14,Dominic Press,hastings east sussex town centre saturday th march meet friend bite eat leg disabled checked website disabled wheelchair friendly could accessible right large open wooden door pull written mmm someone kindly let somehow wedged disabled accessfriendly wasnt person concernsit chaos saturday busy wasnt pleasant food premise wasnt particularly cleanest add insult injury someone right open door smoking joint filled restaurant awful smell put complaint website awaiting phonecall shall play disabled card need change
Excellent,"Excellent, good service",5,2026-03-18,kayleigh,excellent service
Amazing food,Amazing food ,5,2026-03-17,Anonymous,amazing food
Tracey looked after me and my autistic…,Tracey looked after me and my autistic son whilst we came In for food ,5,2026-03-17,Jess,tracey looked autistic son whilst came food
Just received our order from KFC in…,"Just received our order from KFC in Ashton. NOT surprising food cold and warming it up and no drink. 
",1,2026-03-15,Tina,received ashton surprising food cold warming drink
Very poor customer service ,Just waited 20 minutes at KFC Yeovil at the kiosk to pay. The assistant was on her headset the whole time walked off frequently without acknowledging we were even there !!! Wont be visiting again very poor customer service !!!,1,2026-03-15,Sheelagh Walton,waited minute yeovil kiosk pay assistant headset whole walked frequently without acknowledging wont visiting poor customer service
Didn't get the herby fries as shown on picture ,"Didn't get the herby fries, as shown on image. Instead, we got basic soggy non salted tasteless crap fries. I used to rave for the herby crispy fries, but nothing special about these tasteless fries, and £2.99 for large. FFS, stop taking the piss. It's one size for large or small. Will not buy again. ",1,2026-03-14,Helen Atkinson,herby fry shown image instead basic soggy non salted tasteless crap fry rave herby crispy fry nothing special tasteless fry large ffs stop taking piss size large small buy
Outstanding taste,Outstanding taste ,5,2026-03-14,Nawaf Ali,outstanding taste
Fantastic lavish service nd food everr,Fantastic lavish service nd food everr,5,2026-03-13,Asad Bhinder,fantastic lavish service nd food everr
Waited nearly 20 minutes at kfc…,Waited nearly 20 minutes at kfc keynsham for order got ignored 3 times when I asked where my order was then tried to give me fries that had been left on side from a previous order rude and arrogant staff ,1,2026-03-14,Tony L,waited nearly minute keynsham ignored time asked tried give fry left side previous rude arrogant staff
disgusting undercooked food wallsend,"I would have given less stars but it would let me leave the review,I spent approx£30 i bought a large mighty bucket for 1 it was stuffed into a paper bag,the chicken was undercooked the chips were horrible,and I bought a triology meal it was just thrown together nothing nice about that either the chicken was undercooked in that one as well.im seriously thinking of getting intouch with food safety standards this shop really needs looking into this shop is only using KFC name its not actually KFC the food is just like what you buy in Iceland ",1,2026-03-13,MISSROBERTINAPROUT,given less star let leave reviewi spent approx bought large mighty bucket stuffed paper bagthe undercooked chip horribleand bought triology meal thrown together nothing either undercooked wellim seriously thinking getting intouch food safety standard shop need looking shop using name food buy iceland
We got a takeaway from Crownhill KFC…,"We got a takeaway from Crownhill KFC and it was one of the worst ones we have ever had.  The food was nearly cold and the chicken was like it had been cooked in the morning and just rejeated in the evening, as it was dark and overdone.  There was also no variation in the chicken pieces, they were all drumsticks.  I do find that when we have delivery of anything, it always seem that they palm off any old rubbish as they know that there is very little you can do.  You can't really send it back when it has been delivered and the delivery driver has gone!  We won't get a takeaway from there again and if that is the standard of their food generally, we won't get it from there again either!",1,2026-03-13,Hazel Kinvig-Paul,takeaway crownhill worst one ever food nearly cold cooked morning rejeated evening dark overdone variation piece drumstick find delivery anything seem palm old rubbish little send delivered delivery driver gone wont takeaway standard food generally wont either
Great good ,Great food delivered seems as tho the chicken has improved cooked better as it used to be. Hope the standards keep up.,4,2026-03-13,linda nugent,great food delivered seems tho improved cooked hope standard keep
Absolutely ridiculous,"Absolutely ridiculous. Tried to put 2 separate orders for me and colleagues in for one car and was refused. Had to actually drive through twice!

We use different kfcs and never had this issue.  ",1,2026-03-12,Michelle Atkinson,absolutely ridiculous tried put separate order colleague car refused drive twice different kfcs never issue
Jasmine is the best at the Queensferry branch ,"I would like a personal review for the young lady called Jasmine, as she was super patient whilst I was ordering my food, as I was overwhelmed and very indecisive on what I wanted to order......Jasmine was so friendly and put me at ease, and made my experience super easy, which is a massive thing for me with me being neurodivergent.......Well done, KFC, on employing staff who understand......Thank Jasmine for making what normally is a stressful situation into a pleasant one......i hope you get to see this review and carry on being you......you superstar.",5,2026-03-11,Kelly Radcliffe,personal young lady called jasmine super patient whilst ordering food overwhelmed indecisive wanted orderjasmine friendly put ease made super easy massive neurodivergentwell done employing staff understandthank jasmine making normally stressful situation pleasant onei hope carry youyou superstar
I purchased food through the…,"I purchased food through the drive-through, but unfortunately my entire order was incorrect and the food was cold. The quality of the food was very disappointing and not up to the standard I expected. Overall, it was a very unpleasant experience.",1,2026-03-11,Amandeep kaur,purchased food drivethrough unfortunately entire incorrect food cold quality food disappointing standard expected overall unpleasant
Great food great delivery,Great food great delivery,5,2026-03-10,Sam,great food great delivery
Order placed at kiosk,"Order placed at kiosk, card payment beeped but didn't complete. Manager confirmed card issues at kiosk, order paid for, more waiting to receive completely the wrong order, took 40mins to leave with a simple order, which I then didnt have time to eat before an appointment. Ate quickly, cold chips despite asking for a fresh order due to delays. Didn't enjoy it at all, waste of money. Staff pleasant but didn't seem to be able to work efficiently and it wasn't even that busy. Won't be back! ",1,2026-03-09,denise difallah,placed kiosk card payment beeped complete manager confirmed card issue kiosk paid waiting receive completely wrong took min leave simple eat appointment ate quickly cold chip despite asking fresh due delay enjoy waste money staff pleasant seem able efficiently wasnt busy wont
It was a pleasure to be served today by…,"It was a pleasure to be served today by Bella and Damien. They were professional, polite and attentive.",5,2026-03-08,gareth williams,pleasure served bella damien professional polite attentive
Items not received in delivery ,"The order placed through your platform was for 8 Hot Wings, yet only 6 were delivered. This means the goods supplied were incomplete and not what I paid for. Your decision to refuse a refund or any corrective action is unacceptable.

Under Irish consumer law, including the Sale of Goods and Supply of Services Act 1980 and the Consumer Rights Act 2022, consumers are entitled to receive the goods they paid for. Where goods are missing or incorrectly supplied, the trader is required to provide an appropriate remedy such as a refund or replacement.

If this matter is not resolved promptly, I will proceed with escalating the issue. This will include submitting a formal complaint to the Competition and Consumer Protection Commission (CCPC) and initiating a chargeback through my bank for goods paid for but not supplied.

In addition, I intend to share my experience publicly through reviews and with others I interact with professionally. I work in retail and speak with a large number of customers and people daily, and I will be open about this experience and the outcome of this matter.

I have been a Just Eat customer for over 10 years, which makes this response particularly disappointing. I would strongly encourage you to review this matter again and resolve it appropriately.",1,2026-03-07,Keiran Brown,placed platform hot wing yet delivered mean good supplied incomplete paid decision refuse refund corrective action unacceptable irish consumer law including sale good supply service act consumer right act consumer entitled receive good paid good missing incorrectly supplied trader required provide appropriate remedy refund replacement matter resolved promptly proceed escalating issue include submitting formal complaint competition consumer protection commission ccpc initiating chargeback bank good paid supplied addition intend share publicly review others interact professionally retail speak large number customer daily open outcome matter eat customer year make response particularly disappointing strongly encourage matter resolve appropriately
Just purchased a fillet burger box…,"Just purchased a fillet burger box meal, there was literally two piece’s of the lettuce stalk and one piece of actual lettuce brown and limp. The chicken was so thin and dry, I couldn’t eat it. I chose the coleslaw as part of the meal. It’s the worst coleslaw I’ve had in my life, it was grey and tasteless and considering they don’t know where I’m going to eat, was not even supplied any cutlery. Chips disgusting, what’s with all this limp “seasoned chips” why can’t we just purchase normal chips. I also order 2 x 3 hot wings, they ignored our request and just placed these fat lumps of crunchy nonsense in one bag. Let’s just say KFC is no longer what it used to be. Complete waste of money and I’m still hungry. Had I purchased online, would definitely request refund. ",1,2026-03-07,P N,purchased fillet burger box meal literally two piece lettuce stalk piece actual lettuce brown limp thin dry couldnt eat chose coleslaw part meal worst coleslaw life grey tasteless considering eat supplied cutlery chip disgusting whats limp seasoned chip purchase normal chip hot wing ignored request placed fat lump crunchy nonsense bag let longer complete waste money hungry purchased online definitely request refund
Amna was good great food great service,Amna was good great food great service ,5,2026-03-07,Leo Yeomans,amna great food great service
The chicken pieces are too salty,"The chicken pieces are too salty, it was impossible to eat. And this wasn't the first time this happened always when I did made any order, some pieces are always too salty",1,2026-03-06,Lenka Imriskova,piece salty impossible eat wasnt first happened made piece salty
Hair in food and no apology or refund ,"Hair in my food and complete fail to take any responsibility. Told me to talk to deliveroo who They tried to offer me a discount on
My burger despite making me sick and stopping the whole family enjoying my meal ",1,2026-03-04,Richard Burton,hair food complete fail take responsibility told talk deliveroo tried offer discount burger despite making sick stopping whole family enjoying meal
Bad reviews Fc,"I ask them if they sell chicken and they say yes.
I ask if they have chicken in their menu and they say yes
I ask f the have a kitchen and they say yes 
I ask if they have meet and they run me out of store",1,2026-03-04,pedro,ask sell yes ask menu yes ask kitchen yes ask meet run
Had a meal its discusting cold and…,Had a meal its discusting cold and chicken was was hard absolutly horrid,1,2026-03-04,Susan Atherton,meal discusting cold hard absolutly horrid
Parking is useless ,"KFC Hyde SK14 1ND. 2 families met up on 23rd Feb 26 and we asked staff how long the parking was for, told 90 mins. A week later we both got a £60 parking fine, apparently it’s only 60 mins, not long for 4 children to meet and eat, won’t be going back. ",1,2026-02-23,Shelley Vaughan,hyde sk nd family met rd feb asked staff long parking told min week later parking fine apparently min long child meet eat wont
I love the taste of KFC and hadn't had…,I love the taste of KFC and hadn't had any since before COVID pandemic. Today I treated myself but am shocked at the small size pieces of chicken and the much higher cost! The food tasted delicious but it no longer represents value for money. Shame really because I won't be having it again.,2,2026-03-03,Margaret Wilson,love taste hadnt since covid pandemic treated shocked small size piece higher cost food tasted delicious longer represents value money shame wont
Absolutely disgrace.terrible value for…,Absolutely disgrace.terrible value for money.kids meals are embarrassing.,1,2026-03-02,Paul Mcfadden,absolutely disgraceterrible value moneykids meal embarrassing
Lichfield Town centre KFC.,"Lichfield Town centre KFC.
I only went in for a coke and fries but the service was better than some restaurants. I struggled with ordering food so staff came over sorted out cheapest option,gave me a free sample of new drink.Place was immaculate and staff appeared happy to be there,I'll go back.",4,2026-03-02,Andy Whelpton,lichfield town centre coke fry service restaurant struggled ordering food staff came sorted cheapest optiongave free sample drinkplace immaculate staff appeared happy thereill
Items missing from our order when…,Items missing from our order when contacting the so called KFC care squad the response it not our problem you have to contact someone else very poor customer service ,1,2026-02-27,Paul,item missing contacting called care squad response problem contact someone else poor customer service
TBH 1 star is too many.,"TBH 1 star is too many.
Ordered online for delivery from Madeley, Telford. Delivery time kept getting pushed back and when it did arrive 1 1/2 hours after the order was placed the delivery driver looked like a slob, did nothing more than grunt at us as his phone was more important and walk off. When we opened the food it was cold.
If you’re going to offer a delivery service for hot food, then make sure it gets to the customer on time and hot.
Needless to say we had to then drive to get a different order from elsewhere.
Useless company.",1,2026-02-28,AJ,tbh star many online delivery madeley telford delivery kept getting pushed arrive hour placed delivery driver looked slob nothing grunt u phone important walk opened food cold youre offer delivery service hot food sure get customer hot needless drive different elsewhere useless company
Shame on you KFC,"Purchased a Zinger Stacker at KFC Ferrybridge .. not cheap at £9.50 just for the burger.  Opened it whilst on journey and they had made the burger out of two mini fillets, seriously!  I couldn’t return to take it back as I’d travelled too far but have to say it was the single most shameful product from KFC I have experienced in my lifetime, shame on you KFC!",1,2026-02-27,Deane,purchased zinger stacker ferrybridge cheap burger opened whilst journey made burger two mini fillet seriously couldnt return take id travelled far single shameful product experienced lifetime shame
If I could give a minus i would,"If I could give a minus i would! I had family over, so we decided to order via the app, nearly £40. Went to colle t and my daughter was advised that the restaurant was closed.
There were people in there eating, and delivery drivers still picking up.
She asked to speak to a manager and was rudely advised that it won't make any difference cos you still can have your order!!
Ethan, the manager also advised the same.
When we asked why delivery drivers were still collecting he said that these were orders already packed. This went on for a good 10 mins!!!
When we asked for a refund, we were told to email and the refund would be processed in about 5 days!!
Totally unacceptable as they had taken the money had not delivered on their end of the agreement
Total lack of Any customer service from the staff there, proper training needed and they Def need to understand that if an item is purchased they need to provide this or provide a refund!!",1,2026-02-22,Donna,could give minus family decided via app nearly colle daughter advised restaurant closed eating delivery driver picking asked speak manager rudely advised wont difference co ethan manager advised asked delivery driver collecting order already packed min asked refund told email refund processed day totally unacceptable taken money delivered end agreement total lack customer service staff proper training needed def understand item purchased provide provide refund
Got a twister wrap box meal utter muck…,Got a twister wrap box meal utter muck £12.49 for rubbish food never buy from kfc again ,1,2026-02-28,andy morgan,twister wrap box meal utter muck rubbish food never buy
Alisha was amazing and the food is…,Alisha was amazing and the food is amazing 10/10 recommend ,5,2026-02-28,Eloise,alisha amazing food amazing recommend
Ordered through just eat app came cold…,"Ordered through just eat app came cold . The chicken was dry cold no spice to hot wings chicken burger was grey meat freezing and soggy bits of lettuce,  zinger burger cold  corn on cob cold £36 down drain only satisfactory part of the whole order was the cans of pepsi max were what they were supposed to be COLD!. ",1,2026-02-28,Becca,eat app came cold dry cold spice hot wing burger grey meat freezing soggy bit lettuce zinger burger cold corn cob cold drain satisfactory part whole can pepsi max supposed cold
KFC Crystal Peaks Sheffield,KFC Crystal Peaks Sheffield. Drinks missing and food stone cold. It took over 40 minutes from acknowledgment of order to receiving food. Absolutely awful,1,2026-02-28,Tilley,crystal peak sheffield drink missing food stone cold took minute acknowledgment receiving food absolutely awful
Awlful tasting Chips,"We ordered a KFC from the KFC in Marsh, Huddersfield , West Yorkshire today 27/02/2026 and the Chips were terrible. They were hardly warm, no taste and i couldn't eat them. Kfc chips have been consistently bad for a long time and they seriously need looking at.",2,2026-02-27,Stephen Atkin,marsh huddersfield west yorkshire chip terrible hardly warm taste couldnt eat chip consistently long seriously looking
Don’t bother ordering by App,KFC at Redhill is just appalling service 2 hrs for a just eat delivery. We tried to cancel it but no one is answering the phone ,1,2026-02-27,Daniel,redhill appalling service hr eat delivery tried cancel answering phone
Went to our nearest kfc,"Went to our nearest kfc, got the wicked variety box, collected and drove back home approx. 8 miles, only quickly looked inside bag and thought all was there, only to realise half my order was missing, no boneless fillets and no hot wings and only 2 bags chips. £25 and half the order missing, need to train staff better. ",1,2026-02-26,Alison Jackson,nearest wicked variety box collected drove home approx mile quickly looked inside bag thought realise half missing boneless fillet hot wing bag chip half missing train staff
Great customer service from Alan,Great customer service from Alan,5,2026-02-26,Darren Davies,great customer service alan
It was a miserable visit ok it was 3…,"It was a miserable visit ok it was 3 o’clock in the afternoon but we got the feeling there was not happy face anywhere 
We could not get a coffee and that’s about the third time 
The food was ok we had unseasoned chips that was nice
I hate writing these moans but if we do not, service will fall  more 
The young lad who served us did his best but we got the impression he was new 
Our receipt was correct but it took some working out
We paid cash at the counter as no cards accepted unless you use those infernal electronic ordering computers 
But we have decided no  more KFC 
Let’s be honest a few pieces of chicken and two small drinks £14.98 we could have a got a good coffee and a nice welcoming snack elsewhere 
So it’s Good Bye KFC 
CAMPERDOWN ",1,2026-02-23,Mr Shaw,miserable oclock afternoon feeling happy face anywhere could coffee third food unseasoned chip hate writing moan service fall young lad served u best impression receipt correct took working paid cash counter card accepted unless infernal electronic ordering computer decided let honest piece two small drink could coffee welcoming snack elsewhere bye camperdown
Friendly staff hot food fast service ,"Friendly staff hot food fast service 

Hot cheese sauce amazing 

KFC if you reading this please please please keep the hot cheese sauce on the menu ",5,2026-02-26,Kelly Dowding,friendly staff hot food fast service hot cheese sauce amazing reading please please please keep hot cheese sauce menu
Taste and quality ,They have changed the recipe for the chicken it is far to salty i went the other week with my girlfriend it was the most terrible experience of food and taste quality I used to love kfc now it has put me off goin back to it ,1,2026-02-11,Stephen,changed recipe far salty week girlfriend terrible food taste quality love put goin
Not had a kfc for many years so decided…,"Not had a kfc for many years so decided to give it a try, big mistake. Food was warm but chicken coating was not crispy like I expected, instead it was soft and fatty/ oily and chicken was not all that good either and fries were salty. No more kfc for me!",1,2026-02-25,Roy,many year decided give try big mistake food warm coating crispy expected instead soft fatty oily either fry salty
No tea or coffee or orange juice.,"No tea or coffee or orange juice.
Food was ok  Quick service, but need a hot drink with meal so will give it a miss in future",2,2026-02-25,Nigel Thir,tea coffee orange juice food quick service hot drink meal give miss future
Went into kfc terminus road today…,Went into kfc terminus road today served by ar chana lovely lady came straight over to help as usual even remembered what I had. ,5,2026-02-25,Jill Corbett,terminus road served ar chana lovely lady came straight help usual remembered
The manager was very helpful and nice…,The manager was very helpful and nice food comes fast ,5,2026-02-24,VANESA VENETICU,manager helpful food come fast
The meal was cold and chicken raw,"The meal was cold and the chicken was uncooked. Also for what you get, it's terrible value for money. ",1,2026-02-21,andy davies,meal cold uncooked terrible value money
Crownhill kfc has to be the slowest in…,"Crownhill kfc has to be the slowest in the country, always asked to park up. You only do chicken how can you not have any cooked especially when you have offers running. Change of management needed",1,2026-02-22,Jonathan Newcombe,crownhill slowest country asked park cooked especially offer running change management needed
Really nice food ,Really nice food and it has good seating and we all had a good meal nothing was wrong with it ,5,2026-02-22,Abigail Barker,food seating meal nothing wrong
After a long flight finally ordered a…,After a long flight finally ordered a family dipping meal (2out of 3 screens for ordering were broken) at Manchester airport t2 It came without the pop corn chicken and 4 portions of chips missing! The chicken that was in the bag was Luke warm… absolute rip off avoid! £46 wasted ,1,2026-02-22,Sarah Booth,long flight finally family dipping meal screen ordering broken manchester airport came without pop corn portion chip missing bag luke warm absolute rip avoid wasted
Avoid the drivethrough,"Had some issues with KFC drive through in the past where they'd just give gravy as a side for all meals. Stopped the drive through for a while, but just in a hurry so went through at Risca. Had to wait a while as they needed to cook the strips for the boneless banquet box meal and the Trilogy box meal. Long story short, brought it out, drove away. Handed the meals out and of the 4 box meals we bought only 1 had no complaints, the boneless banquet box meal. The Trilogy had no popcorn chicken or strip and two pieces of regular chicken and a tower burger, the zinger box meal was a regular fillet, the regular box meal had a zinger. All in all most disappointing.",1,2026-02-22,Lee,issue drive past theyd give gravy side meal stopped drive hurry risca wait needed cook strip boneless banquet box meal trilogy box meal long story short brought drove away handed meal box meal bought complaint boneless banquet box meal trilogy popcorn strip two piece regular tower burger zinger box meal regular fillet regular box meal zinger disappointing
Boneless family feast what's the point? ,"Boneless family feast
£23.99
Buy all items separate SAME PRICE🤔",1,2026-02-20,lee bolton,boneless family feast buy item separate price
Went to London rd branch Glasgow what…,Went to London rd branch Glasgow what crap service. Need to take most of that staff and train. JUST PURE ROTTEN SERVICE AND ONE OF THE MALE STAFF LIFTRED THE COOKIES FROM TRAY AND USED HIS HAND NOT WASHEDSHOCKING,1,2026-02-19,Anthony Agnew,london rd glasgow crap service take staff train pure rotten service male staff liftred cooky tray hand washedshocking
Good service and helpful staff membeers,Good service and helpful staff membeers,4,2026-02-21,Archie Milne,service helpful staff membeers
Absolutely terrible service in the…,Absolutely terrible service in the Kirkby branch Liverpool ,1,2026-02-21,Tracey,absolutely terrible service kirkby liverpool
Can I have some chicken with my salt…,"Can I have some chicken with my salt please.

Wow.",1,2026-02-21,Mark Bull,salt please wow
Good service quick and tasty,Good service quick and tasty ,5,2026-02-21,Oscar Michael,service quick tasty
The food was amazing,"The food was amazing, it was warm delicious and finger lickin good.",5,2026-02-21,Rafe Carpenter,food amazing warm delicious finger lickin
Will never eat kfc again,Will never eat kfc again. Lack of commitment to animal welfare and effect upon public health is a huge issue.,1,2026-02-21,Maggie Walsh,never eat lack commitment animal welfare effect upon public health huge issue
KFC abandon animal welfare ,KFC are abandoning their commitment to animal welfare by dropping the Better Chicken Commitment in favour of self regulation.  Just another corporate putting profit over animal and customer welfare.  Frankenstein Chicken on its way.   ,1,2026-02-21,Tony Snape,abandoning commitment animal welfare dropping commitment favour self regulation another corporate putting profit animal customer welfare frankenstein
Awful food and awful customer service,Awful food and awful customer service,1,2026-02-20,Lewis,awful food awful customer service
 disgusted and outraged…,I am absolutely disgusted and outraged by KFC decision to abandon their commitment to the BETTER CHICKEN COMMITMENTMENT (BCC). This is an act of cruelty on your part. I will NEVER eat your products again and I will spread the message far and wide. ,1,2026-02-20,Joanne D,absolutely disgusted outraged decision abandon commitment commitmentment bcc act cruelty part never eat product spread message far wide
Very good service,Very good service,5,2026-02-18,yo yo,service
The kfc hay market is the worst in south Yorkshire …,"The kfc hay market Sheffield is the worst kfc in south Yorkshire 
The food cold and dry and they snatch money out of your hand. Give you the wrong money polish money give you the wrong order I ask for a Wrap not chicken nuggets and chips and it was cold and staff are rude and arrogant with  no manners if I served food like that I would get the sack and tables are dirty. ",1,2026-02-16,Claire Thompson,hay market sheffield worst south yorkshire food cold dry snatch money hand give wrong money polish money give wrong ask wrap nugget chip cold staff rude arrogant manner served food sack table dirty
Hi fellow Australians,"Hi fellow Australians, I went through the KFC in Keilor Downs Victoria Australia. When l ordered through the drive through l specially said"" Can you make sure my chips are heavily salted in chicken salt please"" When l arrived at the second window l always check my order because of previos experience with the staff always geting my order wrong. I got my chips no salt whats so ever. I asked the staff member in a nice way "" I told you you l wanted the chips to be heavily salted in chicken salt"". She took them away from me and less than a minute she returned with the same chips no different. I waited in the drive thru until she repeated. I told her again"" I come to to KFC for the chips and you can""t even get that right"" She then in turn got her manager who was as rude as hell.  She acussed me of being Drunk, since when does a KFC become a expert in determining whether a person is drunk or not? Do they have a breathalyser"" I watched her salt your chips"" Which was 100 percent bullshit because it tasted like no ckicken salt to me. l said your lying your ass off because there is no salt on these chips. She demanded that l leave the dive through l said"" what are you going to do to about it if l do not, l paid my money, either give me a refund or l will wait for the police"" She gave me my refund. I will never go through the drive through again because once they got you there got you. I really could not be bothered with Victoria police as they are as stupid as hell. This happen on the 15th of Feb of 2026 9.48pm.",1,2026-02-16,Nick Demiri,hi fellow australian keilor down victoria australia drive specially sure chip heavily salted salt please arrived second window check previos staff geting wrong chip salt whats ever asked staff member told wanted chip heavily salted salt took away less minute returned chip different waited drive thru repeated told come chip right turn manager rude hell acussed drunk since become expert determining whether person drunk breathalyser watched salt chip percent bullshit tasted ckicken salt lying as salt chip demanded leave dive paid money either give refund wait police gave refund never drive could bothered victoria police stupid hell happen th feb pm
2 hours no delivery,2 hours no delivery. Didn’t answer phone.,1,2026-02-15,Michelle ,hour delivery answer phone
absolute joke,"absolute joke, paid for a meal and they said i can’t get my chips because im not priority then said i paid for a meal but it wasn’t a meal lol what is it then ??",1,2026-02-15,brianna Rodgers,absolute joke paid meal chip priority paid meal wasnt meal
GOT FOOD POISONED  ,GOT FOOD POISONED  . DONT buy any food it’s so unhygienic that I got food poisoned ,1,2026-02-14,n.a.,food poisoned buy food unhygienic food poisoned
Always get great services nd great taste,Always get great services nd great taste ,5,2026-02-13,Arham Jaan,great service nd great taste
Always Elegant Taste,Always Elegant Taste,5,2026-02-13,Arham Maya,elegant taste
I ordered a kfc for delivery and never got it,I ordered a kfc for delivery ordered to my address after half an hour the delivery driver rang me and said he was at my address i went to the door he wasn't there I walked all the way up the close I live in and no delivery driver he then told me the order was to my address but the location he was given was 2miles away I said no problem mistakes happen he said he has to deliver to his location address 2 miles away basically dumped on someone else's doorstep and take a picture so I am now £50 out of pocket and no food tried contacting just eat and just  a robot can't talk to anybody this happened to me last month and I didn't get a refund so not expecting one this time just eat are absolutely disgusting and don't care just take your money and dump your food anywhere don't order from them unless you are prepared to loose your money i will never order from them again ,1,2026-02-13,Alan cole,delivery address half hour delivery driver rang address door wasnt walked close live delivery driver told address location given mile away problem mistake happen deliver location address mile away basically dumped someone elses doorstep take picture pocket food tried contacting eat robot talk anybody happened month refund expecting eat absolutely disgusting care take money dump food anywhere unless prepared loose money never
Kentucky Shankill Rd,"Kentucky Shankill Rd, Belfast. Absolutely shocking....ordered a 10 piece bucket and in the bucket there was 6 legs of chicken and 4 wings. For the price you have to pay there should be a variety to include chicken breast.",1,2026-02-13,Mrs Nichola Mcerlean,shankill rd belfast absolutely shockingordered piece bucket bucket leg wing price pay variety include breast
Ebbw vale KFC 19.45hrs.,"Ebbw vale KFC 19.45hrs.
Shocking. 
It was freezing inside. No heating on at all. Had to keep coats on. 
Male toilets out of order.
Couldn't order beans. When chdcked no beans, 
After ordering advised no garlic mayo. Order zinger tower burger meal. Came as a wrap as no burger buns. Not advised durong ordering process. The weap was pitiful. Small  small amount of chicken, lettuce and small amount of sausc, not even all the contents advertised.
No trays so came as take away. No serviettes in dispenser. 
Would not go again.",1,2026-02-13,JD,ebbw vale hr shocking freezing inside heating keep coat male toilet couldnt bean chdcked bean ordering advised garlic mayo zinger tower burger meal came wrap burger bun advised durong ordering process weap pitiful small small amount lettuce small amount sausc content advertised tray came take away serviette dispenser
Day light robbery ,"£49 for 14 strips of mini fillets, half arsed zinger box burger and 1 twisted wrap box. No drinks day light robbery. KFC should update the ordering website to reflect the true size of the meals. They are misleading or false advertising. Will not be buying from KFC again. Don't know what's bargain about a bucket without a drink. ",1,2026-02-12,Iqbal Khamisa,strip mini fillet half arsed zinger box burger twisted wrap box drink light robbery update ordering website reflect true size meal misleading false advertising buying whats bargain bucket without drink
It was so horrible and heartbreaking I…,It was so horrible and heartbreaking I was not even half way through my call and they ended it that is horrendous for my mental health I was starving really bad customer service 😔😒💔,1,2026-02-12,Alina Elezi,horrible heartbreaking half call ended horrendous mental health starving customer service
KFC food quality decline,"I always liked the quality of the chips at KFC in Northampton. Even when food purchased from Macdonalds, I always preferred to buy the chips fom KFC.
What they supply now is absolute rubbish.
Shame that they only seem to worry about cost of the product rather than the quality.
I took a picture of the chips supplied but do not want to put anyone off their food.",2,2026-01-31,Les Pace,liked quality chip northampton food purchased macdonalds preferred buy chip fom supply absolute rubbish shame seem worry cost product rather quality took picture chip supplied put anyone food
It’s was very tasty,It’s was very tasty ,3,2026-02-08,Matthew,tasty
Ordered a dipping feast meal £32 all…,"Ordered a dipping feast meal £32 all the chips missing from ordered after paying for delivery through just eat. Rang the store to speak to a women who was not helpful in the slightest and said we are not willing to give the chips even if you drive to store after paying delivery and just go through just eat. I said can I take your name and refused to give her name, disgusting service! Reported to head office, why would we want to just eat chicken and not a meal? Not like it’s even cheap!! ",1,2026-02-07,Emma,dipping feast meal chip missing paying delivery eat rang speak woman helpful slightest willing give chip drive paying delivery eat take name refused give name disgusting service reported head office eat meal cheap
Cold chips/ forgotten items… again ,"Cold chips, forgotten drinks. These guys are the worst providers. Don’t use ",1,2026-02-07,Firstm Lastnn,cold chip forgotten drink guy worst provider
TERRIBLE ,"Good afternoon KFC customer care. Second visit to your new KFC in Heswall, Wirral. First visit was awful, had our food ruined. Today even worse. The place is absolutely FILTHY. Is the customer area a reflection of the food prep area? Revolting. Won't be going back.
I do have pictures of evidence. I don't recommend anyone going there ",1,2026-02-07,Paul,afternoon customer care second heswall wirral first awful food ruined worse absolutely filthy customer area reflection food prep area revolting wont picture evidence recommend anyone
Haywards heath branch excellent service…,Haywards heath branch excellent service and fresh cooked food,5,2026-02-06,Kevin wallis,haywards heath excellent service fresh cooked food
Good service,"Good service, very helpful ",5,2026-02-07,MRBENPARKIN,service helpful
Good stopping point,"Quick service great customer care, happy staff",5,2026-02-06,Ian Booker,quick service great customer care happy staff
Very good service,Very good service ,5,2026-02-06,Jacob Worthington,service
great service and good came immediately,great service and good came immediately ,5,2026-02-06,Harrison Jack,great service came immediately
OMG what ever happened to the KFC secret…,"OMG what ever happened the KFC secret recipe of spices , I've not had kfc  for many years, we have a newly opened branch in Harwich Essex, today Friday the 6 Feb. 2026 1pm, we ordered a 10-piece bargain bucket Original, well at first glance the chicken looked like a soggy rag!! Oily and no crispiness to it all, and as for the secret spice it's so secrete, they forgot the add it the batter. The chips were uncooked and raw and limp as a dish cloth. £19.99 all went in the Bin,!!!!! never again will we use or recommend KFC ,Asda do a better spiced chicken for around 4.oo , okay you have to cook it, but ill be doing that always from now on. ",1,2026-02-06,Gary Wakefield,omg ever happened secret recipe spice many year newly opened harwich essex friday feb pm piece bargain bucket original first glance looked soggy rag oily crispiness secret spice secrete forgot add batter chip uncooked raw limp dish cloth bin never recommend asda spiced around oo cook ill
Potentially racist unwelcoming staff at Exeter sidwell kfc. ,"I recently visited the KFC on Sidwell Street in Exeter to try the new Honey Drip chicken burger. Unfortunately, the food itself was disappointing — it had no spice whatsoever and cost significantly more than the advertised price.

However, the bigger issue was the service. On that visit, the staff member serving me looked me up and down and then accused me of trying to pay with fake money. She took the cash away to check with her manager, who confirmed that it was real. No apology was offered.

When I returned another day, I was served by the same member of staff. Before ordering, I asked politely if I could use the toilet as I was desperate. I was told that the toilets were for customers only. I explained that I was a customer, but instead of resolving the situation, I was told I could speak to the manager. At that point I chose to leave and go somewhere more welcoming.

The repeated attitude and treatment made me feel judged based on my appearance, and honestly came across as stereotyping at best. It left me feeling uncomfortable and unwelcome, which is not how anyone should feel when visiting a fast-food restaurant.

Very disappointing experience overall — both in terms of food quality and customer service.",1,2026-02-05,Shawn Edwardes,recently sidwell street exeter try honey drip burger unfortunately food disappointing spice whatsoever cost significantly advertised price however bigger issue service staff member serving looked accused trying pay fake money took cash away check manager confirmed real apology offered returned another served member staff ordering asked politely could toilet desperate told toilet customer explained customer instead resolving situation told could speak manager point chose leave somewhere welcoming repeated attitude treatment made feel judged based appearance honestly came across stereotyping best left feeling uncomfortable unwelcome anyone feel visiting fastfood restaurant disappointing overall term food quality customer service
Great staff,Went into the Union St branch in Aberdeen (12501) and was pleasantly surprised. The shop was clean and tidy. The tables were cleared and the staff were friendly. A young chap called Liam particularly stood out to me. Kindly went out of his way to help me. The food was good but the staffs efforts made my day. ,5,2026-02-04,Meg,union st aberdeen pleasantly surprised shop clean tidy table cleared staff friendly young chap called liam particularly stood kindly help food staff effort made
Good service ,"My experience was fantastic due the help and patience of the staff all willing to help.
I found Naomi and Nicole are always there  to ensure good service and hot delicious food.
KFC at Weston-super-Mare Gallagher Retail Park is super convenient for when we come into town,we go here maybe 5-6 times a week. ",5,2026-02-03,Scruffy,fantastic due help patience staff willing help found naomi nicole ensure service hot delicious food westonsupermare gallagher retail park super convenient come townwe maybe time week
It isn’t nice and tastes of nothing and…,It isn’t nice and tastes of nothing and quite frankly it’s embarrassing. The portion size is tiny the gravy pot and popcorn chicken are half the size they used to be and I wouldn’t say it’s worth the money one bit.,3,2026-02-03,chris barber,isnt taste nothing quite frankly embarrassing portion size tiny gravy pot popcorn half size wouldnt worth money bit
Chicken was so small,"Chicken was so small, ordered 6 pwice chicken with fries and 2 large sides. Chicken was honestly the size of my finger, ordered through uber eats and had 2 stops along the way so it was stone cold, Unfortunately we have had previous negative experiences with KFC, its not like it used to be, definitely lost another 7 customers as my family won't eat from here again. What happened to KFC I dont know but I will go elsewhere for my Chicken from now on as 2 hours after we have eaten we are starving. ",1,2026-02-03,Stephanie Davies,small pwice fry large side honestly size finger uber eats stop along stone cold unfortunately previous negative experience definitely lost another customer family wont eat happened elsewhere hour eaten starving
Chicken has an after taste that is so…,Chicken has an after taste that is so awful and smells bad ,1,2026-02-02,Munashe,taste awful smell
No refund and no food.,My daughter and her friends went to KFC Cabot circus in Bristol. My daughter used her card to pay for the food (it was her birthday) the kiosk didn’t give a receipt so she went to the counter. Another customer confirmed to the worker she did pay for her food as he was behind her. She was told to get it up on her banking app but there was not WiFi. Due to a language barrier my daughter thought she was told to leave. I then had a call to say she has no food and they had taken her money. On the journey into the city centre I tried to call the store repeatedly no answer so I arrive and it’s explained that the worker asked her to go outside and bring up her banking. She is austic and communication was hard and she didn’t understand. I showed the worker the payment in her account and he advised it was just pending and would bounce back. While in my journey I contacted KFC on line and was given a voucher for my inconvenience and had to get the refund at the store. Still no refund over a week later so contacted kfc online again as once again the store don’t answer the phone. Gave lots of details including a picture of the note the worker gave me confirming the money would be back in 3-5 days and my daughters card digits. Was told they would be in touch. Received a email yesterday to advise as they gave me a voucher they couldn’t help with the refund only the store can. They made me wait longer and I’m in the same position. Unsure why they asked for all the details and card number and still not refund. The voucher was for inconvenience not the refund. It wasn’t even the amount that was spent. Terrible experience all round. Will never step foot in KFC again,1,2026-01-24,Carly,daughter friend cabot circus bristol daughter card pay food birthday kiosk give receipt counter another customer confirmed worker pay food behind told banking app wifi due language barrier daughter thought told leave call food taken money journey city centre tried call repeatedly answer arrive explained worker asked outside bring banking austic communication hard understand showed worker payment account advised pending bounce journey contacted line given voucher inconvenience refund refund week later contacted online answer phone gave lot detail including picture note worker gave confirming money day daughter card digit told touch received email yesterday advise gave voucher couldnt help refund made wait longer position unsure asked detail card number refund voucher inconvenience refund wasnt amount spent terrible round never step foot
better then mcdonalds,better then mcdonalds plus my nan is gay she loves mcdonalds thats why i fdont like her,5,2026-02-03,bob,mcdonalds plus nan gay love mcdonalds fdont
We often have a takeaway Saturday…but kfc,"We often have a takeaway Saturday night, obviously kfc often gets the vote. But over the recent past, starting with the change of chips, which are now beyond awful, not that long ago you could pick 4 sides for £5 then all of a sudden you have to buy them separately at £2.99 each. So a sudden jump from £5 for 4 to £12 for 4 .....what a ripoff!!! 
So where we used to like a couple of salads and a coleslaw, now get a salad bowl and coleslaw from marks and Spencers if we know fancy some chicken. 
So well done kfc your starting to drive people elsewhere with your ripoff pricing because it's becoming a very expensive takeaway.",2,2026-01-31,Brian Neale,often takeaway saturday night obviously often get vote recent past starting change chip beyond awful long could pick side sudden buy separately sudden jump ripoff couple salad coleslaw salad bowl coleslaw mark spencer fancy done starting drive elsewhere ripoff pricing becoming expensive takeaway
Got amazing service from a young girl…,Got amazing service from a young girl don't know the name but amazing young women she's cute to. But most important thing of all food was delicious ,5,2026-02-02,Hayden,amazing service young girl name amazing young woman shes cute important food delicious
Nzia was very exceptional,Nzia was very exceptional ,5,2026-02-02,Jasper Jerkins Anderson,nzia exceptional
Delivered Mighty Bucket for One,"Delivered Mighty Bucket for One – these “wings” are a joke
I ordered a Mighty Bucket for One from KFC on 30/01/2026, and what turned up was honestly embarrassing. The two chicken wings included in the meal were tiny — absolutely nothing like what KFC advertises. I’ve attached a photo because you really have to see it to believe it.
For the price of the meal, I expect proper portions, not two miniature scraps that look like they’ve come from the world’s smallest chicken. There was barely any meat on them, and it felt like a complete rip‑off.
KFC needs to sort out its portion sizes and quality control, especially for delivery orders. Customers shouldn’t be paying full price for food that looks like this. Really disappointing experience.",1,2026-01-30,CARL DOUGLAS,delivered mighty bucket wing joke mighty bucket turned honestly embarrassing two wing included meal tiny absolutely nothing advertises attached photo believe price meal expect proper portion two miniature scrap look theyve come world smallest barely meat felt complete ripoff need sort portion size quality control especially delivery order customer shouldnt paying full price food look disappointing
KFC Inverness,"KFC Inverness, wings are about half the size they used to be and price has gone up. Very poor selection in drinks, no hot drinks",2,2026-01-31,Johnny P,inverness wing half size price gone poor selection drink hot drink
I ordered a 6 peice sharing bucket with…,"I ordered a 6 peice sharing bucket with fries and specifically asked for
2 x breasts
2 x thighs 
2 x legs
The reason being I only like breast and thighs and my partner prefers thighs and legs.My order arrived 20 mins late and consisted of 2 thighs and 4 legs. This was such a disappointment.The order was placed at the Leicester Forest East branch in Leicester and I won't be ordering from them again.It would have been nice if the person in charge of my order took a couple of minutes to read my request.Very very disappointing.",2,2026-02-01,Michael Mullahy,peice sharing bucket fry specifically asked breast thigh leg reason breast thigh partner prefers thigh legsmy arrived min late consisted thigh leg disappointmentthe placed leicester forest east leicester wont ordering againit person charge took couple minute read requestvery disappointing
I GOT VERY HOT AND FRESH FOOD WITH VERY…,"I GOT VERY HOT AND FRESH FOOD WITH VERY CLEAN ATMOSPHERE... 
THANK YOU.",5,2026-01-31,kainat mumraiz,hot fresh food clean atmosphere thank
Very friendly environment of staff and…,Very friendly environment of staff and tasty food..,5,2026-01-30,Maan Shekhawat,friendly environment staff tasty food
Very good like the bargin bucket but…,Very good like the bargin bucket but little bit expensive ,5,2026-01-31,Mr Marvin Williams,bargin bucket little bit expensive
How bad was this experience with KFC,"I tried to order from them as I am doing a lot of things at home after important work had been done.  I thought KFC.  I tried to put my address.  No it is not having it.  It wanted me to be in London.  I am 200 miles away.  I then got it on, my correct address, but they changed it.  It would not accept my proper address.   No they wanted it to be in London and would only accept it being in London.  Therefore they LOST MONEY.  I have told them and insisted that they tell all share holders that their pathetic site is LOSING THEM MONEY. 

So I have bought from elsewhere with no problems whatsoever.",1,2026-01-31,John Alan Ramsden,tried lot thing home important done thought tried put address wanted london mile away correct address changed accept proper address wanted london accept london therefore lost money told insisted tell share holder pathetic site losing money bought elsewhere problem whatsoever
Great ,Service was great and food came extremely fast ,5,2026-01-31,Max McCabe,service great food came extremely fast
Absolute rubbish.,"Absolute rubbish.. tried to add blue light  discount but wouldn’t let us.. just went to burger king instead… 

What a joke app! ",1,2026-01-31,Andrew Herbert,absolute rubbish tried add blue light discount wouldnt let u burger king instead joke app
Poor service from KFC,"I went to the Braintree branch at the bottom of the A120, as we are both oap’s we don’t know how to order on the machine so went to the counter to order as we do in mc Donald but they said blantly said no next problem you can’t chose what chicken you can have they decided, they give me two drumsticks I said I wanted a thigh but that was a no no so I do not recommend this place",1,2026-01-30,Kevin,braintree bottom oaps machine counter mc donald blantly next problem chose decided give two drumstick wanted thigh recommend
Terrible Service and Food,"Ordered via app and collected from drive through at Crewe Dunwoody Way, was asked to wait in car-park and they’d bring food out, 40 minutes later had to go in and ask where it was, incredibly rude staff said they’d lost order and would cook me a fresh one. At home it was anything but freshly cooked, chicken was disgusting and burnt. Don’t know why I’m bothering to write a review, they’re rubbish and they know it.",1,2026-01-30,Gordon,via app collected drive crewe dunwoody asked wait carpark theyd bring food minute later ask incredibly rude staff theyd lost cook fresh home anything freshly cooked disgusting burnt bothering write rubbish
Complete rip off,"Complete rip off. In Northern Ireland. Ordered 10 piece boneless family feast because we had a £10 off for ordering £15 voucher. Ordered hot honey wings as an extra side and got only 3 for 3.99. And popcorn chicken as a free side. Still came to over £43.00. They added on 1.15 for delivery and 11% for 'service fee'. Four adults - two got two fillets, two got 3. Three of us got one wing each and each got a paltry and pathetic amount of fries per bag. Two extra sides which will sit in the fridge and we got 4 popcorn chicken pieces each. And you know how small they are. Back to the local Chinese next week and there after. If not for the £10 off this pathetic amount of food would have been near £50. Never again. KFC is now a complete rip off. ",1,2026-01-30,JW Miss,complete rip northern ireland piece boneless family feast ordering voucher hot honey wing extra side popcorn free side came added delivery service fee four adult two two fillet two three u wing paltry pathetic amount fry per bag two extra side sit fridge popcorn piece small local chinese next week pathetic amount food near never complete rip
Misleading advertising ,"I visited KFC on South Street, Romford to try the Double Deal for £5.99, which KFC have been heavily advertising. Based on the advert, the fillet burgers looked large and great value the type of burger you need two hands to hold, with a thick, chunky chicken fillet clearly sticking out of the bun.

I placed a takeaway order and the service was fine, with no long wait, so I can’t fault the staff on that side.

However, the actual burgers I received were completely different from what is being advertised. The fillet burgers were extremely small, with a tiny piece of chicken that looked nothing like the one shown in the promotion. It honestly felt like I was given a mini version of what was advertised.

This was very disappointing and I feel the advertising is misleading, as the product shown does not match what customers are actually being served. I ordered this deal purely because of how it was promoted, and I left feeling let down.

I hope KFC address this, as it’s not acceptable to advertise one thing and deliver something totally different.",1,2026-01-20,Tharindu Thanthirigoda,south street romford try double deal heavily advertising based advert fillet burger looked large great value type burger two hand hold thick chunky fillet clearly sticking bun placed takeaway service fine long wait fault staff side however actual burger received completely different advertised fillet burger extremely small tiny piece looked nothing shown promotion honestly felt given mini version advertised disappointing feel advertising misleading product shown match customer served deal purely promoted left feeling let hope address acceptable advertise deliver totally different
Forgot my drink and the food was really…,Forgot my drink and the food was really cold,2,2026-01-30,Emily Cole,forgot drink food cold
Used to be my favorite spot for fried…,"Used to be my favorite spot for fried chicken, but now it's honestly horrible.... The quality has gone downhill, the food is disappointing, and it's nothing like it used to be. Definitely not coming back anytime some!",1,2026-01-30,Lorenzo,favorite spot honestly horrible quality gone downhill food disappointing nothing definitely coming anytime
"Please go back to making proper fries and everything, porr","Please go back to making proper fries. Used to order regular. Not any more. Get back to the basics, add specials, as and when. Comes to something when the barbacue bites and pop corn chicken. Is the best thing on your menu. Best fries, McDonald's, best burgers, Burger king. Best fast food menu. ... Cook it at home. Uk ceo etc, sitting on his arse,  watching the millions come in. Get a grip, on what your customers want. Date of experience, cant remember. You should be leading the market, with your products 😬",2,2026-01-18,Gary Embleton,please making proper fry regular basic add special come barbacue bite pop corn best menu best fry mcdonalds best burger burger king best fast food menu cook home uk ceo etc sitting arse watching million come grip customer date remember leading market product
Missing items from order ,"Visited KFC Bushbury Lane Oxley  WV10 9TW via drive through, ordered a 10piece boneless feast £24.99 got home to find one portion of chips and all the dips missing , how hard is it to get an order right , they were not busy 😔",3,2026-01-29,Martin Walton,bushbury lane oxley wv tw via drive piece boneless feast home find portion chip dip missing hard right busy
The chicken fillet burger was to crispy…,"The chicken fillet burger was to crispy chicken thin and chips were like cardboard .
Did not eat KFC for years it used to be so much better the price went up the quality went through the floor awful will never ever eat here again ... ever !!",1,2026-01-27,Truth about Mike,fillet burger crispy thin chip cardboard eat year price quality floor awful never ever eat ever
Shockingly Poor Customer Service and…,"Shockingly Poor Customer Service and Refusal to Honour Basic Consumer Rights

I’m genuinely disappointed with how KFC has handled my complaint. I paid £25 for an order that wasn’t provided to an acceptable standard. Instead of issuing a refund, KFC gave me a £15 voucher as a goodwill gesture. I made it clear from the very beginning that this voucher was not accepted as a resolution.

Despite repeatedly explaining this, KFC is now refusing to refund me and is claiming that because I used the voucher, the matter is “resolved.” A goodwill voucher does not override statutory rights, does not settle a complaint, and certainly does not replace the money I originally paid.

Every response I received ignored the key point: my rights remain in place regardless of whether a voucher was issued or used. The handling of this complaint has been dismissive, incorrect, and completely out of line with consumer protection law.

I have now passed all correspondence to Trading Standards, and if necessary, I will be taking this to Small Claims Court. It’s not about the £25 — it’s about a company refusing to acknowledge basic consumer rights and trying to close a complaint on flawed reasoning.

Very poor experience, and I won’t be returning until KFC takes customer rights seriously.

Halifax Hailey Hill 
",1,2026-01-27,Cain Waterhouse,shockingly poor customer service refusal honour basic consumer right genuinely disappointed handled complaint paid wasnt provided acceptable standard instead issuing refund gave voucher goodwill gesture made clear beginning voucher accepted resolution despite repeatedly explaining refusing refund claiming voucher matter resolved goodwill voucher override statutory right settle complaint certainly replace money originally paid response received ignored key point right remain regardless whether voucher issued handling complaint dismissive incorrect completely line consumer protection law passed correspondence trading standard necessary taking small claim court company refusing acknowledge basic consumer right trying close complaint flawed reasoning poor wont returning take customer right seriously halifax hailey hill
Went to one of the KFC's on Friday,"Went to one of the KFC's on Friday, ordered a meal box and was waiting for an hour. Absolutely unacceptable. Managers are to blame for it, they know when the demand is highest. Will choose alternative next time. ",1,2026-01-23,Sergei,kfcs friday meal box waiting hour absolutely unacceptable manager blame demand highest choose alternative next
KFC HUNTINGDON ,"Go to KFC HUNTINGDON iif you want an extra £60 to £100 added to you bill because you have stayed in the car park for more than 1 hour. 

How they expect you as a disabled person to park, walk with mobility issues into the restaurant, order your meal on a terminal that is slow and not easy to use for an older disabled person, wait 12 minutes for the food to be brought out then stuff down a bucket of chicken and a large drink use the toilet and hobble back to your car in one hour and not a second over is absolutely disgraceful. 

SHAME ON YOU KFC",1,2025-12-14,Kaz,huntingdon iif extra added bill stayed car park hour expect disabled person park walk mobility issue restaurant meal terminal slow easy older disabled person wait minute food brought stuff bucket large drink toilet hobble car hour second absolutely disgraceful shame
Clean and Tidy (Eastbourne),I went into the KFC in Eastbourne (Lottbridge Drove) on the 24th January and the thing which struck me immediately was how clean and tidy it was - unfortunately that is not always the case with fast-food restaurants where sometimes tidiness and cleanliness seems to take a back seat.  I have never seen such a clean KFC and was really impressed how hard the cleaning staff seemed to be working.,5,2026-01-24,Simon Bacchus,eastbourne lottbridge drove th january struck immediately clean tidy unfortunately case fastfood restaurant sometimes tidiness cleanliness seems take seat never seen clean impressed hard cleaning staff seemed working
Horrendous ,"Useless staff, waiting over 10 minutes to be served in the drive through, several items missed from order ",2,2026-01-25,Elizabeth Timmins,useless staff waiting minute served drive several item missed
Bloody awful,"Bloody awful. Order not complete and short of corn and fries after spend £40 
Haven’t been to a KFC for this reason in along time and they didn’t disappoint. Never again !!!!
KFC Shrewsbury (Battlefield) ",1,2026-01-24,Andrew Stickland,bloody awful complete short corn fry spend havent reason along disappoint never shrewsbury battlefield
Missing fries,"Ordered online to collect from Goodrige Avenue drive thru. Collection went smoothly but, I ordered 2 meals and only got one lot of fries.",4,2026-01-24,Tony Bentley,online collect goodrige avenue drive thru collection smoothly meal lot fry
Food ok but we done the drive through…,"Food ok but we done the drive through and hengrove Bristol and from taking our order to getting it 30 mins wait and there were only 6 cars infront of us.
Chips tastes nothing like chips due to all the spices they add to them.
Chicken was ok at best and not worth the wait.
This was not a buisy time either",1,2026-01-23,Mr. martin davis,food done drive hengrove bristol taking getting min wait car infront u chip taste nothing chip due spice add best worth wait buisy either
very clean best food and best service,very clean best food and best service ,5,2026-01-23,Amelia Honnor,clean best food best service
Staff rude ,"Staff rude 
Food cold and hard even though we ate in.
Gravy like water and grease 
Chips scrag end
1 staff member spaying near our food.
When asked if she could not spray near our food was tutted at not good at all. This was at the york road doncaster store.",1,2026-01-20,Suzanne Byrne,staff rude food cold hard though ate gravy water grease chip scrag end staff member spaying near food asked could spray near food tutted york road doncaster
 hot honey chicken burger ,I paid £10 for the hot honey chicken burger meal and the only good thing I got out of it was the fries and drink . I had a severe stomach ache after. The burger tasted like fairy liquid or bleach it was so unbearable to eat and a waste money I do not recommend . I would like something sorted via customer service for example a refund or a replacement meal (not sure if I would even like a replacement I feel put off),1,2026-01-20,Zahra Hussain,paid hot honey burger meal fry drink severe stomach ache burger tasted fairy liquid bleach unbearable eat waste money recommend sorted via customer service example refund replacement meal sure replacement feel put
Missing items almost always,Missing items almost always. Contacting KFC for resolution is like pulling teeth; they promise a resolution but don’t do what they say. At this point they are simple stealing money from customers. ,1,2026-01-19,HappyLife,missing item almost contacting resolution pulling teeth promise resolution point simple stealing money customer
What has gone wrong with this iconic…,"What has gone wrong with this iconic brand, I asked for a zinger burger box meal, the burger was just chicken… no lettuce and no sauce.. I returned the burger and a refund was taken, the excuse I received was that they didn’t have any lettuce and they didn’t have any sauce, that’s not a zinger burger then, although the nice lady said it was …. Absolutely appalling.. £9.99 for a load of crap … am I wasting my time in writing this article… will anyone take any notice.. I fear not … never, ever again ",1,2026-01-19,Jim Parry,gone wrong iconic brand asked zinger burger box meal burger lettuce sauce returned burger refund taken excuse received lettuce sauce zinger burger although lady absolutely appalling load crap wasting writing article anyone take notice fear never ever
The chicken rat ,"

I took one bite of my chicken and felt something rubbery snap between my teeth, and when I pulled it out, I realized in horror it was part of a dead rat cooked into the meal. The smell hit me next, a sour, burnt stench that made my stomach churn as I stared at the tray in disbelief. Employees acted confused while I gagged, shaking and wondering how something so vile could end up served to anyone. I will never forget that moment or eat there again.",1,2026-01-16,Agnes,took bite felt rubbery snap teeth pulled realized horror part dead rat cooked meal smell hit next sour burnt stench made stomach churn stared tray disbelief employee acted confused gagged shaking wondering vile could end served anyone never forget moment eat
KFC in Bromsgrove ,"I went to KFC in Bromsgrove Friday 16/01/2026 and ordered a large 3 piece colonels meal to eat in. When I sat down and opened my food I thought I had been given a meal from 1 of your competitors as the chicken pieces were the size of chicken nuggets. I couldn't be bothered to complain to the staff.
Then Friday night I spent most of the night on the toilet with an upset stomach.
Not a great experience at all and it's going to be a longtime (if ever) before I go back to a KFC I'm afraid",1,2026-01-16,"Me, myself and I",bromsgrove friday large piece colonel meal eat sat opened food thought given meal competitor piece size nugget couldnt bothered complain staff friday night spent night toilet upset stomach great longtime ever afraid
KFC bedhampton,"KFC bedhampton, fantastic service, helped with my enquiry and they showed efficient customer service. Food is always lovely and hot! Served by Daniella ",4,2026-01-16,Caity,bedhampton fantastic service helped enquiry showed efficient customer service food lovely hot served daniella
SCATTY SCRAN!,I am absolutely DISGUSTED on the food I've received from kfc  . I have found smeg and pubes in my burger in the sauce and also in the chicken i think its safe to say I'm not coming to come again and i hope no-one else receives food like this either. stay far away from this place everyone,1,2025-12-31,Leon Dutton,absolutely disgusted food received found smeg pubes burger sauce safe coming come hope noone else receives food either stay far away everyone
scatty scran ,i went in on new year and found it was closed i decided to go in anyway and make my own chicken it was undercooked and horrible found rats and smeg all over the kitchen i also found workers in the back doing the devils tango safe to say i will never come here again ,1,2025-12-31,Aaron Cleary,found closed decided anyway undercooked horrible found rat smeg kitchen found worker devil tango safe never come
I ordered and wait for a manager with…,I ordered and wait for a manager with very bad attitude and no communication or costumer service to tell me is not a problem to wait 15 min in a fast food because they don't have chicken coking  ,1,2026-01-15,Vasile Sandu,wait manager attitude communication costumer service tell problem wait min fast food coking
Oh my goodness the taste was amazing,Oh my goodness the taste was amazing. Then 15 minutes later the 4 of us are sick. 🤒 we will never be back. Shame on you KFC Great Western Retail Park Drumchapel. ,1,2026-01-15,Mr Andrew Neeson,oh goodness taste amazing minute later u sick never shame great western retail park drumchapel
Uses halal meat!!,Uses halal meat!!! Disgusting torture for animals… 🤬,1,2026-01-14,Stephen Peacock,us halal meat disgusting torture animal
Meal was luke warm and not correct for…,"Meal was luke warm and not correct for the cult saving menu. Certainly no service with a smile, coke cup was literally thrown beside the order bag. And the floor is so slippery it was dangerous especially for someone disabled and using a walking stick like myself. Won't be back as I value my bones. ",1,2026-01-14,Ms K Thomson,meal luke warm correct cult saving menu certainly service smile coke cup literally thrown beside bag floor slippery dangerous especially someone disabled using walking stick wont value bone
5 Stars for KFC Team Wellington ,Visited KFC Wellington this evening.  Had amazing service from Emily & Team.  Food was fresh and service was prompt and faultless.  Definitely the best branch of KFC I’ve visited.  Tables were clear & clean too which is always a bonus and something I’ve never experienced in the city branches.  Will definitely visit again soon.  Thanks KFC Wellington.,5,2026-01-13,Helen Legg,wellington evening amazing service emily team food fresh service prompt faultless definitely best table clear clean bonus never experienced city branch definitely soon thanks wellington
Kfc purley is absolutely amazing,Kfc purley is absolutely amazing. Food is hot and flavorful. Don't usually have to wait long. Excellent!!,5,2026-01-13,Anaya,purley absolutely amazing food hot flavorful usually wait long excellent
the food,"the food, the staffs, amazing oh my gosh I love being, so nice, recommend 100%",5,2026-01-13,Parsu Poudel,food staff amazing oh gosh love recommend
KFC Absolutely awful,"Absolutely awful. Every visit to the KFC at Bedford Interchange Park is a disappointment, and this was the final straw.

The chicken is shockingly bad — bland, greasy, overcooked to the point of being dry, and completely devoid of flavour. Whatever “Southern Fried” is supposed to mean clearly no longer applies here. It tastes like cheap, mass-produced food that’s been sitting around far too long.

The fries are equally dreadful: limp, oily, and tasteless. Not hot, not crisp, just unpleasant.

What has happened to KFC? This used to be a reliable fast-food chain with flavour and quality. Now it feels like they’ve given up entirely. I genuinely don’t understand how this branch is allowed to trade at this standard.

Will never eat here again. Total waste of money.",1,2026-01-12,Phil Armstrong,absolutely awful bedford interchange park disappointment final straw shockingly bland greasy overcooked point dry completely devoid flavour whatever southern supposed mean clearly longer applies taste cheap massproduced food sitting around far long fry equally dreadful limp oily tasteless hot crisp unpleasant happened reliable fastfood chain flavour quality feel theyve given entirely genuinely understand allowed trade standard never eat total waste money
KFC PENN WOLVERHAMPTON,"KFC PENN WOLVERHAMPTON, ORDERED A FAMILY FEAST AT 05 20, GOT HOME IT WAS HORRID? OVER COOKED CHICKEN? IT WAS DRY AND NASTY, FRIES WERE COLD? GRAVY WAS LIKE IT WAS MADE DAYS AGO? ALSO WAS CHARGED £19.99 IT IS £17.99 EVERY WERE ELSE? THIS IS A TERRIBLE SERVICE FROM KFC!!!",1,2026-01-12,Steve Attwell,penn wolverhampton family feast home horrid cooked dry nasty fry cold gravy made day charged else terrible service
Slowest fast food i ever had,"Don't use the drive thru unless you've got 1/2 an hour spare.
This place has destroyed my lunch hour too many times now. 🤬
I'm still waiting ffs",1,2026-01-12,Jason Linley,drive thru unless youve hour spare destroyed lunch hour many time waiting ffs
Terrible ,I’m so disappointed I have missing items from my order ,1,2026-01-06,Maria Shokoya,disappointed missing item
Went to Greenock KFC,"Went to Greenock KFC. 9 times out of ten something is missing. Extra gravy in particular. Tonight my wife went through the drive through as we always do. She spent £40 on our dinner and on arriving home, extra gravy was there only because my wife asked the girl to check. It wasn’t there and she had to put it in. And then, no chips with 2 meals. How hard can it be??? Fed up. Constantly wrong orders . Stay away!!",2,2026-01-10,Chris Smith,greenock time ten missing extra gravy particular tonight wife drive spent dinner arriving home extra gravy wife asked girl check wasnt put chip meal hard fed constantly wrong order stay away
No option to remove bank details,"No option to remove bank details
There is no option at all to remove your bank details from the KFC app or website.

This had to be illegal on the UK for no option for this. I hope KFC goes bury and people stop eating at KFC.",1,2026-01-08,Anonymous,option remove bank detail option remove bank detail app website illegal uk option hope go bury stop eating
Ordered a 10 piece bucket from Bodmin…,"Ordered a 10 piece bucket from Bodmin branch.
When opened found there were 4 drumsticks and 4 wings + 2 spine pieces.
Was totally seen off. This wasn't the first time but it will be the last.
Have found a great chicken place in Truro and now my go to place. They even cook proper fries and not the cardboard KFC ones.
People will realise FFC are a total rip off.",1,2025-12-29,Julian Partridge,piece bucket bodmin opened found drumstick wing spine piece totally seen wasnt first found great truro cook proper fry cardboard one realise ffc total rip
Very poor ,"Went to hazel grove ordered at drive through fillet boneless box £9.99 and drink no ice . Parked up car park . No spoon or fork for beans , chips floppy barely luke warm mini fillets luke warm beans hot,  lots ice in drink and it wasn’t even buy . Absolutely ruined meal ",1,2026-01-07,Damian Fannon,hazel grove drive fillet boneless box drink ice parked car park spoon fork bean chip floppy barely luke warm mini fillet luke warm bean hot lot ice drink wasnt buy absolutely ruined meal
served by people with dirt under the…,"served by people with dirt under the fingernails. Only seem to employ filthy people. Food is terrible. food is ultra processed. Do yourself a favour in 2026, eat healthily. ",1,2026-01-05,David Potts,served dirt fingernail seem employ filthy food terrible food ultra processed favour eat healthily
It serves me a delicious and very testy…,It serves me a delicious and very testy food,5,2025-12-01,Alemayehu worku Zekargea,serf delicious testy food
Great Service,Great Service at Maylands Av in Hemel.  Food not too bad.  Clean and fast,5,2026-01-04,Jason,great service maylands av hemel food clean fast
STAY CLEAR OF KFC APP THEY USE UBER EATS WHO ARE ONLY GOOD FOR COLD FOOD,"PLEASE BE AWARE WHEN YOU ORDER THROUGH KFC APP YOUR FOOD IS DELIVERED BY UBER EATS, A BURGER WAS MISSING BUT THE REST OF FOOD WAS STONE COLD! UPON CALLING UBER EATS AND ASKING WHY THEY DONT USE INSULATED FOOD BAGS LIKE JUST EAT DO THEY SAID WE DONT USE THEM N CANT DO ANYTHING ABOUT COLD FOOD N THATS IT, THE PERSON ON THE PHONE DIDNT SEEM TO UNDERSTAND ITS -2 DEGREES AS THEY ARE IN A MUD HUT CALL CENTRE IN INDIA ",1,2026-01-04,Stephen,please aware app food delivered uber eats burger missing rest food stone cold upon calling uber eats asking insulated food bag eat anything cold food person phone seem understand degree mud hut call centre india
Got takeaway from mayflower,"Got takeaway from mayflower, got home chips absolutely disgusting ,only fit for the bin, no phone number to complain so went online only to be offered a measly voucher and told the do not have access to kfc outlet 
I declined the voucher as I’m never going back to KFC ",1,2026-01-04,Bobby,takeaway mayflower home chip absolutely disgusting fit bin phone number complain online offered measly voucher told access outlet declined voucher never
SPEND YOUR MONEY ELSEWHERE PLS THE MANAGERS HERE Don't CARE,"Are the managers at KFC Hamilton, Leicester trying to punish their delivery customers?

Why are they persistent on delivering cold stale food, isn't food service their only concept? How is it possible that QC is not controlled and paying customers have to suffer the Manager's inabilities and lack of good QC procedures!!

I have tried to speak to the store directly and via online, but their first response was basically, telling me to go away and blaming Uber delivery service!! How is Uber responsible for terrible quality food? Stale food, left on the pass for way to long and then allowed to leave the store with the KFC brand name attached to it

Is there anyone I can speak to at a brand level, because I'm sure the colonel would be disappointed too :-(

Horrible store, terrible management",1,2026-01-03,Khandu Lad,manager hamilton leicester trying punish delivery customer persistent delivering cold stale food isnt food service concept possible qc controlled paying customer suffer manager inability lack qc procedure tried speak directly via online first response basically telling away blaming uber delivery service uber responsible terrible quality food stale food left pas long allowed leave brand name attached anyone speak brand level sure colonel disappointed horrible terrible management
"Chips so bad, we're now avoiding KFC","Without doubt the worse tasting chips on the market, time to change or continue losing business.

Still love the taste of KFC, but will stop buying until they give us a decent chip/fry to go with our meal. ",2,2025-12-30,Neil,without doubt worse tasting chip market change continue losing business love taste stop buying give u decent chipfry meal
Dirty restaurant and rude staff!,Dirty restaurant and rude staff!! Long water Norwich ,1,2026-01-02,Luke Parnell,dirty restaurant rude staff long water norwich
Meal was wrong drinks wrong manager…,Meal was wrong drinks wrong manager hung up the phone and wouldn't deal with my complaint not trained clearly  then wouldn't answer the phone when called back kept cancelling my calls contacted head office about this woman and the store I will pop down now as I cant get an answer shocking place ,1,2026-01-01,Lisa Whannel,meal wrong drink wrong manager hung phone wouldnt deal complaint trained clearly wouldnt answer phone called kept cancelling call contacted head office woman pop answer shocking
nasty tasting chicken ,the chicken taste actual chicken and it taste expired . pop corn chicken .,1,2026-01-01,Grace Wilson,taste actual taste expired pop corn
A very disappointing response from KFC…,"A very disappointing response from KFC CARE SQUAD following a complaint.

""Hi SACHIDANAND, Thank you for getting in touch. I am so sorry to hear of about the issues with your delivery order from our Tunbridge Wells - Grosvenor Road. For any of our guests to be left feeling the way you describe is disappointing to hear, and not in keeping with KFC high standards. Rest assured, all the necessary internal actions will be taken in response to your complaint and shared with internal teams to let them know of the experience you had.  
For orders placed through our KFC app, we have a dedicated customer service team who handle queries regarding these orders. They’ve got the details of your order, so they’ll be the best people to help. You can contact them by calling - 0800 088 5663. We hope to welcome you back as our guest soon. Best Wishes, Jamie-Li, KFC Care Squad",1,2026-01-01,Sachidanand Seedeehul,disappointing response care squad following complaint hi sachidanand thank getting touch sorry hear issue delivery tunbridge well grosvenor road guest left feeling describe disappointing hear keeping high standard rest assured necessary internal action taken response complaint shared internal team let order placed app dedicated customer service team handle query regarding order theyve detail theyll best help contact calling hope welcome guest soon best wish jamieli care squad
Very disappointed,"Went to our local drive through at Bury, for 2 fillet burger box meals, which includes a fillet burger topped with cheese and a hash brown, 1 piece of chicken, a side (gravy ) large signature fries and a drink. Only to get classic burger and small fries and a drink. No hash brown, No piece of chicken, No cheese. Only found this out when we got home too far to go back. Very disappointed again with KFC. 
Contacted customer care and was given a £12 voucher only to be used in store not drive through, or via the app, and we have to present the voucher before ordering, which will label us as trouble makers. So who knows what they will do to our food. ",1,2025-12-31,colin smith,local drive bury fillet burger box meal includes fillet burger topped cheese hash brown piece side gravy large signature fry drink classic burger small fry drink hash brown piece cheese found home far disappointed contacted customer care given voucher drive via app present voucher ordering label u trouble maker know food
workers rude to kids and not doing…,workers rude to kids and not doing surveys ,1,2025-12-31,Connor Davies,worker rude kid survey
KFC Congleton 🙌,"I visited KFC in Congleton today with my four children and, as always, it was spotlessly clean and the food was fresh and piping hot. It’s the only fast food restaurant I choose to use in the area. On top of that, the staff are incredibly friendly.

The young lady who served us today was especially impressive. She was efficient, juggling several tasks at once, and did it all with a genuine smile. Her customer service was excellent and she made every customer feel valued, including my children. She really was exceptional.

I didn’t catch her name, but we visited at around 1 pm on 31st December, and she appeared to be the only member of staff working at the front of house.
",5,2025-12-31,Mark Corfield,congleton four child spotlessly clean food fresh piping hot fast food restaurant choose area top staff incredibly friendly young lady served u especially impressive efficient juggling several task genuine smile customer service excellent made customer feel valued including child exceptional catch name around pm st december appeared member staff working front house
Unfortunately,"Unfortunately, the food quality was very poor. Some of the chicken pieces smelled bad and seemed old, so I couldn’t eat them. Very disappointing experience. I hope the management in Wakefield improves food quality and hygiene.",1,2025-12-30,waseem,unfortunately food quality poor piece smelled seemed old couldnt eat disappointing hope management wakefield improves food quality hygiene
KFC Fountain park Edinburgh ,"KFC Fountain park Edinburgh 
I normally go to the branch at meadowbank I tried the new KFC at fountain park and service was very slow (when I say very slow it means really long wait )not even busy check your food before you leave as the food was very soggy and the portions were very small (I mean very small you get about 15-18 chips in the portions normally I am a regular customer of kfc and I have never seen this rubbish food before next time I will go to my regular place 
JUST REMEMBER IF YOU ARE BUYING TAKEAWAY FROM HERE MAKE SURE YOU CHECK BEFORE YOU ARE LEAVING OTHERWISE YOU WILL DEFINITELY BE DISAPPOINTED 



",1,2025-12-30,Saba Rashad,fountain park edinburgh normally meadowbank tried fountain park service slow slow mean long wait busy check food leave food soggy portion small mean small chip portion normally regular customer never seen rubbish food next regular remember buying takeaway sure check leaving otherwise definitely disappointed
Awful,"Food was ordered from the KFC app and on delivery was stone cold.
The delivery which it doesn't state at the time was from Uber eats.
Equally the quality in which the food is being delivered should be considered by KFC as it is their customers which are suffering in moments like these and who are paying for the food
Certainly wont be consuming anything from KFC again",1,2025-12-29,LC,food app delivery stone cold delivery state uber eats equally quality food delivered considered customer suffering moment paying food certainly wont consuming anything
Took my child for a stranger things…,"Took my child for a stranger things burger meal
Paid around £10
Got a drink 
Tiny fries and a plain bun with a piece of chicken in!
No red bun or anything else 
Taken photos but couldn’t attatch
Got home and he was so disappointed 
Not good Worksop KFC!!! ",1,2025-12-29,Caterina Haywood,took child stranger thing burger meal paid around drink tiny fry plain bun piece red bun anything else taken photo couldnt attatch home disappointed worksop
Yuliana was great,Yuliana was great ,5,2025-12-29,Seb,yuliana great
